,y,ds
0,13458.10,Dec 09- 2020
1,13393.85,Dec 08- 2020
2,13264.85,Dec 07- 2020
3,13177.40,Dec 04- 2020
4,13215.30,Dec 03- 2020
5,13121.40,Dec 02- 2020
6,13062.20,Dec 01- 2020
7,13012.05,Nov 27- 2020
8,12906.45,Nov 26- 2020
9,13130.00,Nov 25- 2020
10,13002.60,Nov 24- 2020
11,12960.30,Nov 23- 2020
12,12813.40,Nov 20- 2020
13,12839.50,Nov 19- 2020
14,12860.10,Nov 18- 2020
15,12932.50,Nov 17- 2020
16,12659.70,Nov 13- 2020
17,12702.15,Nov 12- 2020
18,12680.60,Nov 11- 2020
19,12556.40,Nov 10- 2020
20,12399.40,Nov 09- 2020
21,12156.65,Nov 06- 2020
22,12062.40,Nov 05- 2020
23,11783.35,Nov 04- 2020
24,11734.45,Nov 03- 2020
25,11697.35,Nov 02- 2020
26,11678.45,Oct 30- 2020
27,11633.30,Oct 29- 2020
28,11922.60,Oct 28- 2020
29,11807.10,Oct 27- 2020
30,11937.40,Oct 26- 2020
31,11957.90,Oct 23- 2020
32,11892.10,Oct 22- 2020
33,11958.55,Oct 21- 2020
34,11861.00,Oct 20- 2020
35,11879.20,Oct 19- 2020
36,11727.40,Oct 16- 2020
37,12023.45,Oct 15- 2020
38,11917.40,Oct 14- 2020
39,11934.65,Oct 13- 2020
40,11973.55,Oct 12- 2020
41,11852.05,Oct 09- 2020
42,11835.40,Oct 08- 2020
43,11679.25,Oct 07- 2020
44,11603.45,Oct 06- 2020
45,11487.80,Oct 05- 2020
46,11364.45,Oct 01- 2020
47,11244.45,Sep 30- 2020
48,11288.60,Sep 29- 2020
49,11140.85,Sep 28- 2020
50,10910.40,Sep 25- 2020
51,11011.00,Sep 24- 2020
52,11258.75,Sep 23- 2020
53,11301.75,Sep 22- 2020
54,11503.80,Sep 21- 2020
55,11584.10,Sep 18- 2020
56,11539.40,Sep 17- 2020
57,11538.45,Sep 16- 2020
58,11487.20,Sep 15- 2020
59,11540.15,Sep 14- 2020
60,11447.80,Sep 11- 2020
61,11363.30,Sep 10- 2020
62,11218.60,Sep 09- 2020
63,11378.55,Sep 08- 2020
64,11359.60,Sep 07- 2020
65,11354.40,Sep 04- 2020
66,11566.20,Sep 03- 2020
67,11478.55,Sep 02- 2020
68,11464.30,Sep 01- 2020
69,11777.55,Aug 31- 2020
70,11602.95,Aug 28- 2020
71,11609.30,Aug 27- 2020
72,11512.85,Aug 26- 2020
73,11513.10,Aug 25- 2020
74,11412.00,Aug 24- 2020
75,11409.65,Aug 21- 2020
76,11317.45,Aug 20- 2020
77,11452.15,Aug 19- 2020
78,11259.80,Aug 18- 2020
79,11248.90,Aug 17- 2020
80,11353.30,Aug 14- 2020
81,11334.85,Aug 13- 2020
82,11289.00,Aug 12- 2020
83,11322.25,Aug 11- 2020
84,11270.25,Aug 10- 2020
85,11186.65,Aug 07- 2020
86,11185.70,Aug 06- 2020
87,11155.75,Aug 05- 2020
88,10946.65,Aug 04- 2020
89,11057.55,Aug 03- 2020
90,11139.50,Jul 31- 2020
91,11254.30,Jul 30- 2020
92,11276.90,Jul 29- 2020
93,11154.10,Jul 28- 2020
94,11225.00,Jul 27- 2020
95,11149.95,Jul 24- 2020
96,11135.00,Jul 23- 2020
97,11231.20,Jul 22- 2020
98,11126.10,Jul 21- 2020
99,10999.45,Jul 20- 2020
100,10752.00,Jul 17- 2020
101,10706.20,Jul 16- 2020
102,10701.00,Jul 15- 2020
103,10750.85,Jul 14- 2020
104,10851.85,Jul 13- 2020
105,10764.10,Jul 10- 2020
106,10755.55,Jul 09- 2020
107,10818.65,Jul 08- 2020
108,10802.85,Jul 07- 2020
109,10723.85,Jul 06- 2020
110,10614.95,Jul 03- 2020
111,10493.05,Jul 02- 2020
112,10323.80,Jul 01- 2020
113,10382.60,Jun 30- 2020
114,10311.95,Jun 29- 2020
115,10378.90,Jun 26- 2020
116,10235.55,Jun 25- 2020
117,10529.25,Jun 24- 2020
118,10347.95,Jun 23- 2020
119,10318.75,Jun 22- 2020
120,10119.00,Jun 19- 2020
121,9863.25,Jun 18- 2020
122,9876.70,Jun 17- 2020
123,10014.80,Jun 16- 2020
124,9919.35,Jun 15- 2020
125,9544.95,Jun 12- 2020
126,10094.10,Jun 11- 2020
127,10072.60,Jun 10- 2020
128,10181.15,Jun 09- 2020
129,10326.75,Jun 08- 2020
130,10093.80,Jun 05- 2020
131,10054.25,Jun 04- 2020
132,10108.30,Jun 03- 2020
133,9880.85,Jun 02- 2020
134,9726.85,Jun 01- 2020
135,9422.20,May 29- 2020
136,9364.95,May 28- 2020
137,9082.20,May 27- 2020
138,9099.75,May 26- 2020
139,9067.90,May 22- 2020
140,9079.45,May 21- 2020
141,8889.15,May 20- 2020
142,8961.70,May 19- 2020
143,9158.30,May 18- 2020
144,9182.40,May 15- 2020
145,9213.95,May 14- 2020
146,9584.20,May 13- 2020
147,9168.85,May 12- 2020
148,9348.15,May 11- 2020
149,9376.95,May 08- 2020
150,9234.05,May 07- 2020
151,9226.80,May 06- 2020
152,9429.40,May 05- 2020
153,9533.50,May 04- 2020
154,9753.50,Apr 30- 2020
155,9408.60,Apr 29- 2020
156,9389.80,Apr 28- 2020
157,9259.70,Apr 27- 2020
158,9163.90,Apr 24- 2020
159,9232.35,Apr 23- 2020
160,9026.75,Apr 22- 2020
161,9016.95,Apr 21- 2020
162,9390.20,Apr 20- 2020
163,9323.45,Apr 17- 2020
164,8851.25,Apr 16- 2020
165,9196.40,Apr 15- 2020
166,9103.95,Apr 13- 2020
167,8973.05,Apr 09- 2020
168,8688.90,Apr 08- 2020
169,8446.30,Apr 07- 2020
170,8356.55,Apr 03- 2020
171,8584.10,Apr 01- 2020
172,8529.35,Mar 31- 2020
173,8385.95,Mar 30- 2020
174,8949.10,Mar 27- 2020
175,8451.00,Mar 26- 2020
176,7735.15,Mar 25- 2020
177,7848.30,Mar 24- 2020
178,7945.70,Mar 23- 2020
179,8284.45,Mar 20- 2020
180,8063.30,Mar 19- 2020
181,9088.45,Mar 18- 2020
182,9285.40,Mar 17- 2020
183,9587.80,Mar 16- 2020
184,9107.60,Mar 13- 2020
185,10039.95,Mar 12- 2020
186,10334.30,Mar 11- 2020
187,10742.05,Mar 09- 2020
188,10942.65,Mar 06- 2020
189,11306.05,Mar 05- 2020
190,11351.35,Mar 04- 2020
191,11217.55,Mar 03- 2020
192,11387.35,Mar 02- 2020
193,11382.00,Feb 28- 2020
194,11661.25,Feb 27- 2020
195,11738.55,Feb 26- 2020
196,11877.50,Feb 25- 2020
197,12012.55,Feb 24- 2020
198,12119.00,Feb 20- 2020
199,12090.60,Feb 19- 2020
200,12028.25,Feb 18- 2020
201,12131.80,Feb 17- 2020
202,12190.15,Feb 14- 2020
203,12219.55,Feb 13- 2020
204,12151.00,Feb 12- 2020
205,12108.40,Feb 11- 2020
206,12102.35,Feb 10- 2020
207,12151.15,Feb 07- 2020
208,12120.00,Feb 06- 2020
209,12005.85,Feb 05- 2020
210,11786.25,Feb 04- 2020
211,11627.45,Feb 03- 2020
212,12100.40,Jan 31- 2020
213,12147.75,Jan 30- 2020
214,12114.90,Jan 29- 2020
215,12148.10,Jan 28- 2020
216,12197.10,Jan 27- 2020
217,12174.55,Jan 24- 2020
218,12123.75,Jan 23- 2020
219,12218.35,Jan 22- 2020
220,12195.30,Jan 21- 2020
221,12430.50,Jan 20- 2020
222,12328.40,Jan 17- 2020
223,12347.10,Jan 16- 2020
224,12349.40,Jan 15- 2020
225,12333.10,Jan 14- 2020
226,12296.70,Jan 13- 2020
227,12271.00,Jan 10- 2020
228,12153.15,Jan 09- 2020
229,11939.10,Jan 08- 2020
230,12079.10,Jan 07- 2020
231,12170.60,Jan 06- 2020
232,12261.10,Jan 03- 2020
233,12198.55,Jan 02- 2020
234,12202.15,Jan 01- 2020
235,12247.10,Dec 31- 2019
236,12274.90,Dec 30- 2019
237,12172.90,Dec 27- 2019
238,12211.85,Dec 26- 2019
239,12269.25,Dec 24- 2019
240,12235.45,Dec 23- 2019
241,12266.45,Dec 20- 2019
242,12223.40,Dec 19- 2019
243,12197.00,Dec 18- 2019
244,12082.45,Dec 17- 2019
245,12131.35,Dec 16- 2019
246,12026.40,Dec 13- 2019
247,11944.30,Dec 12- 2019
248,11867.35,Dec 11- 2019
249,11950.50,Dec 10- 2019
250,11939.10,Dec 09- 2019
251,12047.35,Dec 06- 2019
252,12071.25,Dec 05- 2019
253,11969.95,Dec 04- 2019
254,12067.65,Dec 03- 2019
255,12137.05,Dec 02- 2019
256,12146.20,Nov 29- 2019
257,12132.10,Nov 28- 2019
258,12068.50,Nov 27- 2019
259,12110.20,Nov 26- 2019
260,11922.45,Nov 25- 2019
261,11967.30,Nov 22- 2019
262,12025.65,Nov 21- 2019
263,12004.75,Nov 20- 2019
264,11919.45,Nov 19- 2019
265,11915.15,Nov 18- 2019
266,11904.20,Nov 15- 2019
267,11858.75,Nov 14- 2019
268,11908.30,Nov 13- 2019
269,11879.20,Nov 11- 2019
270,11987.15,Nov 08- 2019
271,12021.10,Nov 07- 2019
272,11911.50,Nov 06- 2019
273,11974.60,Nov 05- 2019
274,11928.90,Nov 04- 2019
275,11886.60,Nov 01- 2019
276,11890.45,Oct 31- 2019
277,11883.90,Oct 30- 2019
278,11643.95,Oct 29- 2019
279,11646.15,Oct 25- 2019
280,11661.65,Oct 24- 2019
281,11596.20,Oct 23- 2019
282,11657.15,Oct 22- 2019
283,11580.30,Oct 18- 2019
284,11466.30,Oct 17- 2019
285,11464.95,Oct 16- 2019
286,11360.85,Oct 15- 2019
287,11335.90,Oct 14- 2019
288,11257.70,Oct 11- 2019
289,11280.50,Oct 10- 2019
290,11152.95,Oct 09- 2019
291,11196.20,Oct 07- 2019
292,11388.45,Oct 04- 2019
293,11322.25,Oct 03- 2019
294,11515.40,Oct 01- 2019
295,11491.15,Sep 30- 2019
296,11556.35,Sep 27- 2019
297,11469.85,Sep 26- 2019
298,11564.85,Sep 25- 2019
299,11590.70,Sep 24- 2019
300,11542.70,Sep 23- 2019
301,10746.80,Sep 20- 2019
302,10845.20,Sep 19- 2019
303,10872.80,Sep 18- 2019
304,11000.10,Sep 17- 2019
305,10994.85,Sep 16- 2019
306,10986.80,Sep 13- 2019
307,11058.30,Sep 12- 2019
308,11028.50,Sep 11- 2019
309,10936.70,Sep 09- 2019
310,10883.80,Sep 06- 2019
311,10860.95,Sep 05- 2019
312,10790.40,Sep 04- 2019
313,10960.95,Sep 03- 2019
314,10987.80,Aug 30- 2019
315,10996.05,Aug 29- 2019
316,11101.30,Aug 28- 2019
317,11106.55,Aug 27- 2019
318,11000.30,Aug 26- 2019
319,10699.60,Aug 23- 2019
320,10905.30,Aug 22- 2019
321,11018.15,Aug 21- 2019
322,11063.90,Aug 20- 2019
323,11094.80,Aug 19- 2019
324,11043.65,Aug 16- 2019
325,11003.25,Aug 14- 2019
326,11139.40,Aug 13- 2019
327,11087.90,Aug 09- 2019
328,10899.20,Aug 08- 2019
329,10958.10,Aug 07- 2019
330,10815.40,Aug 06- 2019
331,10895.80,Aug 05- 2019
332,10930.30,Aug 02- 2019
333,11060.20,Aug 01- 2019
334,11034.05,Jul 31- 2019
335,11213.70,Jul 30- 2019
336,11307.50,Jul 29- 2019
337,11247.45,Jul 26- 2019
338,11290.40,Jul 25- 2019
339,11322.45,Jul 24- 2019
340,11372.25,Jul 23- 2019
341,11392.85,Jul 22- 2019
342,11627.95,Jul 19- 2019
343,11675.60,Jul 18- 2019
344,11670.75,Jul 17- 2019
345,11596.65,Jul 16- 2019
346,11614.75,Jul 15- 2019
347,11601.15,Jul 12- 2019
348,11561.45,Jul 11- 2019
349,11536.15,Jul 10- 2019
350,11531.60,Jul 09- 2019
351,11770.40,Jul 08- 2019
352,11964.75,Jul 05- 2019
353,11928.80,Jul 04- 2019
354,11932.15,Jul 03- 2019
355,11890.30,Jul 02- 2019
356,11839.90,Jul 01- 2019
357,11861.15,Jun 28- 2019
358,11860.85,Jun 27- 2019
359,11768.15,Jun 26- 2019
360,11681.00,Jun 25- 2019
361,11725.80,Jun 24- 2019
362,11827.60,Jun 21- 2019
363,11653.65,Jun 20- 2019
364,11744.45,Jun 19- 2019
365,11677.05,Jun 18- 2019
366,11844.00,Jun 17- 2019
367,11910.10,Jun 14- 2019
368,11873.90,Jun 13- 2019
369,11962.45,Jun 12- 2019
370,11959.85,Jun 11- 2019
371,11934.90,Jun 10- 2019
372,11865.20,Jun 07- 2019
373,12039.80,Jun 06- 2019
374,12052.65,Jun 04- 2019
375,11953.75,Jun 03- 2019
376,11999.80,May 31- 2019
377,11865.30,May 30- 2019
378,11905.80,May 29- 2019
379,11958.35,May 28- 2019
380,11855.50,May 27- 2019
381,11748.00,May 24- 2019
382,11901.30,May 23- 2019
383,11727.95,May 22- 2019
384,11863.65,May 21- 2019
385,11651.90,May 20- 2019
386,11261.90,May 17- 2019
387,11180.35,May 16- 2019
388,11271.70,May 15- 2019
389,11151.65,May 14- 2019
390,11258.70,May 13- 2019
391,11314.15,May 10- 2019
392,11322.40,May 09- 2019
393,11478.70,May 08- 2019
394,11651.50,May 07- 2019
395,11605.80,May 06- 2019
396,11722.60,May 03- 2019
397,11725.55,May 02- 2019
398,11748.75,Apr 30- 2019
399,11683.75,Apr 26- 2019
400,11735.70,Apr 25- 2019
401,11601.50,Apr 24- 2019
402,11612.95,Apr 23- 2019
403,11727.05,Apr 22- 2019
404,11856.15,Apr 18- 2019
405,11736.20,Apr 16- 2019
406,11667.00,Apr 15- 2019
407,11612.85,Apr 12- 2019
408,11592.55,Apr 11- 2019
409,11646.85,Apr 10- 2019
410,11612.05,Apr 09- 2019
411,11704.35,Apr 08- 2019
412,11638.40,Apr 05- 2019
413,11660.20,Apr 04- 2019
414,11735.30,Apr 03- 2019
415,11711.55,Apr 02- 2019
416,11665.20,Apr 01- 2019
417,11625.45,Mar 29- 2019
418,11463.65,Mar 28- 2019
419,11531.45,Mar 27- 2019
420,11375.20,Mar 26- 2019
421,11395.65,Mar 25- 2019
422,11549.20,Mar 22- 2019
423,11553.35,Mar 20- 2019
424,11500.30,Mar 19- 2019
425,11473.85,Mar 18- 2019
426,11376.85,Mar 15- 2019
427,11382.50,Mar 14- 2019
428,11326.20,Mar 13- 2019
429,11231.35,Mar 12- 2019
430,11068.75,Mar 11- 2019
431,11038.85,Mar 08- 2019
432,11077.95,Mar 07- 2019
433,11024.85,Mar 06- 2019
434,10864.85,Mar 05- 2019
435,10842.65,Mar 01- 2019
436,10865.70,Feb 28- 2019
437,10881.20,Feb 27- 2019
438,10775.30,Feb 26- 2019
439,10813.25,Feb 25- 2019
440,10782.70,Feb 22- 2019
441,10744.10,Feb 21- 2019
442,10655.45,Feb 20- 2019
443,10636.70,Feb 19- 2019
444,10738.65,Feb 18- 2019
445,10780.25,Feb 15- 2019
446,10786.10,Feb 14- 2019
447,10870.55,Feb 13- 2019
448,10879.70,Feb 12- 2019
449,10930.90,Feb 11- 2019
450,11023.50,Feb 08- 2019
451,11070.45,Feb 07- 2019
452,10965.10,Feb 06- 2019
453,10908.65,Feb 05- 2019
454,10876.75,Feb 04- 2019
455,10851.35,Feb 01- 2019
456,10690.55,Jan 31- 2019
457,10702.25,Jan 30- 2019
458,10653.70,Jan 29- 2019
459,10792.45,Jan 28- 2019
460,10859.75,Jan 25- 2019
461,10844.05,Jan 24- 2019
462,10931.05,Jan 23- 2019
463,10949.80,Jan 22- 2019
464,10919.35,Jan 21- 2019
465,10914.85,Jan 18- 2019
466,10920.85,Jan 17- 2019
467,10899.65,Jan 16- 2019
468,10777.55,Jan 15- 2019
469,10807.00,Jan 14- 2019
470,10834.75,Jan 11- 2019
471,10859.35,Jan 10- 2019
472,10862.40,Jan 09- 2019
473,10786.25,Jan 08- 2019
474,10804.85,Jan 07- 2019
475,10699.70,Jan 04- 2019
476,10796.80,Jan 03- 2019
477,10868.85,Jan 02- 2019
478,10881.70,Jan 01- 2019
479,10913.20,Dec 31- 2018
480,10820.95,Dec 28- 2018
481,10817.90,Dec 27- 2018
482,10635.45,Dec 26- 2018
483,10780.90,Dec 24- 2018
484,10944.25,Dec 21- 2018
485,10885.20,Dec 20- 2018
486,10930.55,Dec 19- 2018
487,10850.90,Dec 18- 2018
488,10853.20,Dec 17- 2018
489,10784.50,Dec 14- 2018
490,10810.75,Dec 13- 2018
491,10591.00,Dec 12- 2018
492,10350.05,Dec 11- 2018
493,10508.70,Dec 10- 2018
494,10644.80,Dec 07- 2018
495,10718.15,Dec 06- 2018
496,10820.45,Dec 05- 2018
497,10877.10,Dec 04- 2018
498,10930.70,Dec 03- 2018
499,10892.10,Nov 30- 2018
500,10808.70,Nov 29- 2018
501,10708.75,Nov 28- 2018
502,10621.45,Nov 27- 2018
503,10568.30,Nov 26- 2018
504,10612.65,Nov 22- 2018
505,10670.95,Nov 21- 2018
506,10740.10,Nov 20- 2018
507,10731.25,Nov 19- 2018
508,10644.00,Nov 16- 2018
509,10580.60,Nov 15- 2018
510,10634.90,Nov 14- 2018
511,10451.90,Nov 13- 2018
512,10607.80,Nov 12- 2018
513,10614.70,Nov 09- 2018
514,10614.45,Nov 07- 2018
515,10552.00,Nov 06- 2018
516,10558.75,Nov 05- 2018
517,10462.30,Nov 02- 2018
518,10441.70,Nov 01- 2018
519,10209.55,Oct 31- 2018
520,10239.40,Oct 30- 2018
521,10078.10,Oct 29- 2018
522,10122.35,Oct 26- 2018
523,10135.05,Oct 25- 2018
524,10278.15,Oct 24- 2018
525,10152.60,Oct 23- 2018
526,10405.85,Oct 22- 2018
527,10339.70,Oct 19- 2018
528,10688.70,Oct 17- 2018
529,10550.15,Oct 16- 2018
530,10524.20,Oct 15- 2018
531,10331.55,Oct 12- 2018
532,10169.80,Oct 11- 2018
533,10331.85,Oct 10- 2018
534,10390.30,Oct 09- 2018
535,10310.15,Oct 08- 2018
536,10514.10,Oct 05- 2018
537,10754.70,Oct 04- 2018
538,10982.70,Oct 03- 2018
539,10930.90,Oct 01- 2018
540,11008.10,Sep 28- 2018
541,11079.80,Sep 27- 2018
542,11145.55,Sep 26- 2018
543,10969.95,Sep 25- 2018
544,11164.40,Sep 24- 2018
545,11271.30,Sep 21- 2018
546,11326.65,Sep 19- 2018
547,11381.55,Sep 18- 2018
548,11464.95,Sep 17- 2018
549,11443.50,Sep 14- 2018
550,11340.10,Sep 12- 2018
551,11476.85,Sep 11- 2018
552,11570.25,Sep 10- 2018
553,11558.25,Sep 07- 2018
554,11514.15,Sep 06- 2018
555,11514.85,Sep 05- 2018
556,11598.75,Sep 04- 2018
557,11751.80,Sep 03- 2018
558,11675.85,Aug 31- 2018
559,11694.75,Aug 30- 2018
560,11744.95,Aug 29- 2018
561,11731.95,Aug 28- 2018
562,11605.85,Aug 27- 2018
563,11566.60,Aug 24- 2018
564,11620.70,Aug 23- 2018
565,11576.20,Aug 21- 2018
566,11502.10,Aug 20- 2018
567,11437.15,Aug 17- 2018
568,11397.15,Aug 16- 2018
569,11381.70,Aug 14- 2018
570,11369.60,Aug 13- 2018
571,11474.95,Aug 10- 2018
572,11493.25,Aug 09- 2018
573,11412.50,Aug 08- 2018
574,11423.15,Aug 07- 2018
575,11401.50,Aug 06- 2018
576,11297.80,Aug 03- 2018
577,11328.90,Aug 02- 2018
578,11359.80,Aug 01- 2018
579,11311.05,Jul 31- 2018
580,11296.65,Jul 30- 2018
581,11232.75,Jul 27- 2018
582,11132.95,Jul 26- 2018
583,11148.40,Jul 25- 2018
584,11109.00,Jul 24- 2018
585,11019.85,Jul 23- 2018
586,10963.50,Jul 20- 2018
587,10999.50,Jul 19- 2018
588,11060.20,Jul 18- 2018
589,10939.65,Jul 17- 2018
590,11018.95,Jul 16- 2018
591,11056.90,Jul 13- 2018
592,11006.95,Jul 12- 2018
593,10956.40,Jul 11- 2018
594,10902.75,Jul 10- 2018
595,10838.30,Jul 09- 2018
596,10744.15,Jul 06- 2018
597,10786.05,Jul 05- 2018
598,10715.00,Jul 04- 2018
599,10668.60,Jul 03- 2018
600,10732.35,Jul 02- 2018
601,10612.85,Jun 29- 2018
602,10660.80,Jun 28- 2018
603,10785.50,Jun 27- 2018
604,10742.70,Jun 26- 2018
605,10822.90,Jun 25- 2018
606,10742.70,Jun 22- 2018
607,10808.45,Jun 21- 2018
608,10734.65,Jun 20- 2018
609,10789.45,Jun 19- 2018
610,10830.20,Jun 18- 2018
611,10808.65,Jun 15- 2018
612,10832.90,Jun 14- 2018
613,10887.50,Jun 13- 2018
614,10816.15,Jun 12- 2018
615,10781.85,Jun 11- 2018
616,10736.40,Jun 08- 2018
617,10722.60,Jun 07- 2018
618,10603.45,Jun 06- 2018
619,10630.70,Jun 05- 2018
620,10765.95,Jun 04- 2018
621,10738.45,Jun 01- 2018
622,10670.10,May 31- 2018
623,10579.00,May 30- 2018
624,10689.40,May 29- 2018
625,10648.35,May 28- 2018
626,10533.05,May 25- 2018
627,10464.85,May 24- 2018
628,10521.10,May 23- 2018
629,10518.45,May 22- 2018
630,10616.70,May 21- 2018
631,10671.85,May 18- 2018
632,10775.60,May 17- 2018
633,10751.95,May 16- 2018
634,10812.60,May 15- 2018
635,10815.15,May 14- 2018
636,10741.95,May 11- 2018
637,10779.65,May 10- 2018
638,10693.35,May 09- 2018
639,10757.90,May 08- 2018
640,10653.15,May 07- 2018
641,10700.45,May 04- 2018
642,10720.15,May 03- 2018
643,10783.85,May 02- 2018
644,10705.75,Apr 30- 2018
645,10651.65,Apr 27- 2018
646,10586.50,Apr 26- 2018
647,10612.40,Apr 25- 2018
648,10578.10,Apr 24- 2018
649,10592.80,Apr 23- 2018
650,10560.35,Apr 20- 2018
651,10563.65,Apr 19- 2018
652,10578.90,Apr 18- 2018
653,10557.30,Apr 17- 2018
654,10398.30,Apr 16- 2018
655,10495.30,Apr 13- 2018
656,10410.65,Apr 12- 2018
657,10428.15,Apr 11- 2018
658,10412.90,Apr 10- 2018
659,10333.70,Apr 09- 2018
660,10322.75,Apr 06- 2018
661,10228.45,Apr 05- 2018
662,10274.60,Apr 04- 2018
663,10186.85,Apr 03- 2018
664,10151.65,Apr 02- 2018
665,10143.60,Mar 28- 2018
666,10188.00,Mar 27- 2018
667,9989.15,Mar 26- 2018
668,9968.80,Mar 23- 2018
669,10167.50,Mar 22- 2018
670,10181.95,Mar 21- 2018
671,10051.55,Mar 20- 2018
672,10215.35,Mar 19- 2018
673,10345.15,Mar 16- 2018
674,10405.45,Mar 15- 2018
675,10393.05,Mar 14- 2018
676,10389.50,Mar 13- 2018
677,10301.60,Mar 12- 2018
678,10271.30,Mar 09- 2018
679,10216.25,Mar 08- 2018
680,10232.95,Mar 07- 2018
681,10420.50,Mar 06- 2018
682,10428.30,Mar 05- 2018
683,10479.95,Mar 01- 2018
684,10488.95,Feb 28- 2018
685,10615.20,Feb 27- 2018
686,10526.55,Feb 26- 2018
687,10408.10,Feb 23- 2018
688,10354.35,Feb 22- 2018
689,10426.00,Feb 21- 2018
690,10391.00,Feb 20- 2018
691,10488.90,Feb 19- 2018
692,10596.20,Feb 16- 2018
693,10537.90,Feb 15- 2018
694,10585.75,Feb 14- 2018
695,10518.20,Feb 12- 2018
696,10416.50,Feb 09- 2018
697,10518.50,Feb 08- 2018
698,10607.20,Feb 07- 2018
699,10295.15,Feb 06- 2018
700,10604.30,Feb 05- 2018
701,10938.20,Feb 02- 2018
702,11044.55,Feb 01- 2018
703,11018.80,Jan 31- 2018
704,11120.85,Jan 30- 2018
705,11079.35,Jan 29- 2018
706,11095.60,Jan 25- 2018
707,11069.35,Jan 24- 2018
708,10997.40,Jan 23- 2018
709,10883.20,Jan 22- 2018
710,10829.20,Jan 19- 2018
711,10873.40,Jan 18- 2018
712,10702.45,Jan 17- 2018
713,10761.50,Jan 16- 2018
714,10718.50,Jan 15- 2018
715,10682.55,Jan 12- 2018
716,10637.05,Jan 11- 2018
717,10652.05,Jan 10- 2018
718,10645.10,Jan 09- 2018
719,10591.70,Jan 08- 2018
720,10534.25,Jan 05- 2018
721,10469.40,Jan 04- 2018
722,10482.65,Jan 03- 2018
723,10477.55,Jan 02- 2018
724,10531.70,Jan 01- 2018
725,10492.35,Dec 29- 2017
726,10498.20,Dec 28- 2017
727,10531.05,Dec 27- 2017
728,10512.30,Dec 26- 2017
729,10457.30,Dec 22- 2017
730,10473.95,Dec 21- 2017
731,10494.40,Dec 20- 2017
732,10414.80,Dec 19- 2017
733,10263.10,Dec 18- 2017
734,10345.65,Dec 15- 2017
735,10229.30,Dec 14- 2017
736,10236.60,Dec 13- 2017
737,10324.90,Dec 12- 2017
738,10310.50,Dec 11- 2017
739,10198.45,Dec 08- 2017
740,10063.45,Dec 07- 2017
741,10088.80,Dec 06- 2017
742,10118.25,Dec 05- 2017
743,10175.05,Dec 04- 2017
744,10263.70,Dec 01- 2017
745,10332.70,Nov 30- 2017
746,10376.65,Nov 29- 2017
747,10387.90,Nov 28- 2017
748,10361.05,Nov 27- 2017
749,10366.80,Nov 24- 2017
750,10358.45,Nov 23- 2017
751,10350.80,Nov 22- 2017
752,10329.25,Nov 21- 2017
753,10287.20,Nov 20- 2017
754,10324.55,Nov 17- 2017
755,10152.90,Nov 16- 2017
756,10171.95,Nov 15- 2017
757,10223.40,Nov 14- 2017
758,10322.00,Nov 13- 2017
759,10304.35,Nov 10- 2017
760,10358.65,Nov 09- 2017
761,10361.95,Nov 08- 2017
762,10477.15,Nov 07- 2017
763,10431.75,Nov 06- 2017
764,10461.55,Nov 03- 2017
765,10440.50,Nov 02- 2017
766,10390.35,Nov 01- 2017
767,10364.90,Oct 31- 2017
768,10353.85,Oct 30- 2017
769,10362.30,Oct 27- 2017
770,10291.80,Oct 26- 2017
771,10321.15,Oct 25- 2017
772,10218.55,Oct 24- 2017
773,10176.65,Oct 23- 2017
774,10210.35,Oct 19- 2017
775,10209.40,Oct 18- 2017
776,10227.65,Oct 17- 2017
777,10207.40,Oct 16- 2017
778,10123.70,Oct 13- 2017
779,10011.20,Oct 12- 2017
780,10042.60,Oct 11- 2017
781,10013.70,Oct 10- 2017
782,9988.20,Oct 09- 2017
783,9908.15,Oct 06- 2017
784,9927.00,Oct 05- 2017
785,9884.35,Oct 04- 2017
786,9893.30,Oct 03- 2017
787,9814.30,Sep 29- 2017
788,9736.40,Sep 28- 2017
789,9920.60,Sep 27- 2017
790,9875.25,Sep 26- 2017
791,9960.10,Sep 25- 2017
792,10094.35,Sep 22- 2017
793,10139.60,Sep 21- 2017
794,10160.95,Sep 20- 2017
795,10175.60,Sep 19- 2017
796,10133.10,Sep 18- 2017
797,10062.35,Sep 15- 2017
798,10107.40,Sep 14- 2017
799,10099.25,Sep 13- 2017
800,10056.85,Sep 12- 2017
801,9971.75,Sep 11- 2017
802,9958.65,Sep 08- 2017
803,9945.85,Sep 07- 2017
804,9899.25,Sep 06- 2017
805,9933.25,Sep 05- 2017
806,9984.15,Sep 04- 2017
807,9937.65,Sep 01- 2017
808,9905.70,Aug 31- 2017
809,9859.50,Aug 30- 2017
810,9886.40,Aug 29- 2017
811,9907.15,Aug 28- 2017
812,9881.20,Aug 24- 2017
813,9803.05,Aug 23- 2017
814,9815.75,Aug 22- 2017
815,9864.25,Aug 21- 2017
816,9865.95,Aug 18- 2017
817,9945.55,Aug 17- 2017
818,9825.85,Aug 16- 2017
819,9755.75,Aug 14- 2017
820,9712.15,Aug 11- 2017
821,9872.85,Aug 10- 2017
822,9961.15,Aug 09- 2017
823,10068.35,Aug 08- 2017
824,10074.80,Aug 07- 2017
825,10008.60,Aug 04- 2017
826,10081.15,Aug 03- 2017
827,10136.30,Aug 02- 2017
828,10101.05,Aug 01- 2017
829,10034.70,Jul 31- 2017
830,9996.55,Jul 28- 2017
831,10063.25,Jul 27- 2017
832,9983.65,Jul 26- 2017
833,10010.55,Jul 25- 2017
834,9936.80,Jul 24- 2017
835,9899.60,Jul 21- 2017
836,9920.20,Jul 20- 2017
837,9855.95,Jul 19- 2017
838,9832.70,Jul 18- 2017
839,9908.15,Jul 17- 2017
840,9913.30,Jul 14- 2017
841,9855.80,Jul 13- 2017
842,9807.30,Jul 12- 2017
843,9797.45,Jul 11- 2017
844,9719.30,Jul 10- 2017
845,9670.35,Jul 07- 2017
846,9653.60,Jul 06- 2017
847,9619.75,Jul 05- 2017
848,9645.90,Jul 04- 2017
849,9587.95,Jul 03- 2017
850,9478.50,Jun 30- 2017
851,9522.95,Jun 29- 2017
852,9520.20,Jun 28- 2017
853,9594.05,Jun 27- 2017
854,9643.25,Jun 23- 2017
855,9642.65,Jun 22- 2017
856,9648.10,Jun 21- 2017
857,9670.50,Jun 20- 2017
858,9626.40,Jun 19- 2017
859,9595.45,Jun 16- 2017
860,9617.90,Jun 15- 2017
861,9621.55,Jun 14- 2017
862,9615.55,Jun 13- 2017
863,9646.70,Jun 12- 2017
864,9638.55,Jun 09- 2017
865,9682.40,Jun 08- 2017
866,9663.95,Jun 07- 2017
867,9704.25,Jun 06- 2017
868,9656.30,Jun 05- 2017
869,9657.15,Jun 02- 2017
870,9603.55,Jun 01- 2017
871,9636.55,May 31- 2017
872,9590.65,May 30- 2017
873,9560.05,May 29- 2017
874,9507.75,May 26- 2017
875,9384.05,May 25- 2017
876,9410.90,May 24- 2017
877,9445.05,May 23- 2017
878,9480.25,May 22- 2017
879,9469.90,May 19- 2017
880,9453.20,May 18- 2017
881,9517.60,May 17- 2017
882,9461.00,May 16- 2017
883,9433.55,May 15- 2017
884,9436.65,May 12- 2017
885,9448.60,May 11- 2017
886,9339.65,May 10- 2017
887,9337.35,May 09- 2017
888,9311.45,May 08- 2017
889,9374.55,May 05- 2017
890,9360.95,May 04- 2017
891,9344.70,May 03- 2017
892,9339.85,May 02- 2017
893,9340.95,Apr 28- 2017
894,9359.15,Apr 27- 2017
895,9336.20,Apr 26- 2017
896,9273.05,Apr 25- 2017
897,9135.35,Apr 24- 2017
898,9179.10,Apr 21- 2017
899,9108.10,Apr 20- 2017
900,9112.20,Apr 19- 2017
901,9163.00,Apr 18- 2017
902,9144.75,Apr 17- 2017
903,9202.50,Apr 13- 2017
904,9242.50,Apr 12- 2017
905,9184.55,Apr 11- 2017
906,9225.60,Apr 10- 2017
907,9223.70,Apr 07- 2017
908,9245.80,Apr 06- 2017
909,9264.40,Apr 05- 2017
910,9220.60,Apr 03- 2017
911,9158.90,Mar 31- 2017
912,9142.60,Mar 30- 2017
913,9128.70,Mar 29- 2017
914,9081.50,Mar 28- 2017
915,9093.45,Mar 27- 2017
916,9104.00,Mar 24- 2017
917,9048.75,Mar 23- 2017
918,9047.20,Mar 22- 2017
919,9133.95,Mar 21- 2017
920,9166.95,Mar 20- 2017
921,9207.80,Mar 17- 2017
922,9129.65,Mar 16- 2017
923,9086.85,Mar 15- 2017
924,9091.65,Mar 14- 2017
925,8953.70,Mar 10- 2017
926,8914.50,Mar 09- 2017
927,8950.70,Mar 08- 2017
928,8977.75,Mar 07- 2017
929,8915.10,Mar 06- 2017
930,8883.50,Mar 03- 2017
931,8982.85,Mar 02- 2017
932,8904.40,Mar 01- 2017
933,8898.95,Feb 28- 2017
934,8943.70,Feb 27- 2017
935,8956.40,Feb 23- 2017
936,8931.60,Feb 22- 2017
937,8890.75,Feb 21- 2017
938,8818.55,Feb 20- 2017
939,8883.70,Feb 17- 2017
940,8739.00,Feb 16- 2017
941,8778.95,Feb 15- 2017
942,8819.90,Feb 14- 2017
943,8819.80,Feb 13- 2017
944,8812.35,Feb 10- 2017
945,8795.55,Feb 09- 2017
946,8774.55,Feb 08- 2017
947,8805.70,Feb 07- 2017
948,8785.45,Feb 06- 2017
949,8735.15,Feb 03- 2017
950,8724.75,Feb 02- 2017
951,8570.35,Feb 01- 2017
952,8629.45,Jan 31- 2017
953,8635.55,Jan 30- 2017
954,8610.50,Jan 27- 2017
955,8499.45,Jan 25- 2017
956,8407.05,Jan 24- 2017
957,8329.60,Jan 23- 2017
958,8404.35,Jan 20- 2017
959,8418.40,Jan 19- 2017
960,8403.85,Jan 18- 2017
961,8415.05,Jan 17- 2017
962,8390.95,Jan 16- 2017
963,8457.65,Jan 13- 2017
964,8391.05,Jan 12- 2017
965,8327.80,Jan 11- 2017
966,8262.70,Jan 10- 2017
967,8259.35,Jan 09- 2017
968,8281.85,Jan 06- 2017
969,8226.65,Jan 05- 2017
970,8202.65,Jan 04- 2017
971,8196.05,Jan 03- 2017
972,8210.10,Jan 02- 2017
973,8119.65,Dec 30- 2016
974,8030.60,Dec 29- 2016
975,8047.55,Dec 28- 2016
976,7915.05,Dec 27- 2016
977,7965.10,Dec 26- 2016
978,7972.50,Dec 23- 2016
979,8043.85,Dec 22- 2016
980,8105.85,Dec 21- 2016
981,8110.60,Dec 20- 2016
982,8126.00,Dec 19- 2016
983,8178.20,Dec 16- 2016
984,8128.40,Dec 15- 2016
985,8229.35,Dec 14- 2016
986,8196.15,Dec 13- 2016
987,8230.65,Dec 12- 2016
988,8271.70,Dec 09- 2016
989,8152.10,Dec 08- 2016
990,8168.40,Dec 07- 2016
991,8153.15,Dec 06- 2016
992,8088.75,Dec 05- 2016
993,8153.55,Dec 02- 2016
994,8244.00,Dec 01- 2016
995,8172.15,Nov 30- 2016
996,8131.55,Nov 29- 2016
997,8080.65,Nov 28- 2016
998,8007.95,Nov 25- 2016
999,8011.80,Nov 24- 2016
1000,8051.20,Nov 23- 2016
1001,7989.15,Nov 22- 2016
1002,8102.10,Nov 21- 2016
1003,8097.55,Nov 18- 2016
1004,8105.10,Nov 17- 2016
1005,8205.65,Nov 16- 2016
1006,8284.85,Nov 15- 2016
1007,8456.65,Nov 11- 2016
1008,8555.60,Nov 10- 2016
1009,8067.50,Nov 09- 2016
1010,8540.00,Nov 08- 2016
1011,8535.75,Nov 07- 2016
1012,8503.60,Nov 04- 2016
1013,8499.85,Nov 03- 2016
1014,8542.80,Nov 02- 2016
1015,8653.15,Nov 01- 2016
1016,8672.35,Oct 30- 2016
1017,8625.00,Oct 28- 2016
1018,8607.10,Oct 27- 2016
1019,8657.30,Oct 26- 2016
1020,8721.70,Oct 25- 2016
1021,8709.85,Oct 24- 2016
1022,8708.60,Oct 21- 2016
1023,8693.35,Oct 20- 2016
1024,8697.50,Oct 19- 2016
1025,8556.05,Oct 18- 2016
1026,8612.95,Oct 17- 2016
1027,8594.00,Oct 14- 2016
1028,8671.50,Oct 13- 2016
1029,8735.35,Oct 10- 2016
1030,8721.70,Oct 07- 2016
1031,8768.70,Oct 06- 2016
1032,8806.35,Oct 05- 2016
1033,8770.00,Oct 04- 2016
1034,8666.15,Oct 03- 2016
1035,8581.50,Sep 30- 2016
1036,8792.70,Sep 29- 2016
1037,8711.20,Sep 28- 2016
1038,8748.90,Sep 27- 2016
1039,8807.90,Sep 26- 2016
1040,8880.75,Sep 23- 2016
1041,8873.35,Sep 22- 2016
1042,8790.30,Sep 21- 2016
1043,8816.10,Sep 20- 2016
1044,8788.45,Sep 19- 2016
1045,8780.85,Sep 16- 2016
1046,8743.85,Sep 15- 2016
1047,8710.65,Sep 14- 2016
1048,8732.95,Sep 12- 2016
1049,8934.30,Sep 09- 2016
1050,8915.50,Sep 08- 2016
1051,8968.70,Sep 07- 2016
1052,8852.70,Sep 06- 2016
1053,8796.35,Sep 02- 2016
1054,8793.60,Sep 01- 2016
1055,8754.05,Aug 31- 2016
1056,8646.75,Aug 30- 2016
1057,8583.75,Aug 29- 2016
1058,8614.35,Aug 26- 2016
1059,8668.85,Aug 25- 2016
1060,8648.50,Aug 24- 2016
1061,8628.35,Aug 23- 2016
1062,8667.00,Aug 22- 2016
1063,8694.30,Aug 19- 2016
1064,8648.85,Aug 18- 2016
1065,8639.80,Aug 17- 2016
1066,8670.25,Aug 16- 2016
1067,8605.45,Aug 12- 2016
1068,8572.80,Aug 11- 2016
1069,8686.70,Aug 10- 2016
1070,8727.80,Aug 09- 2016
1071,8712.85,Aug 08- 2016
1072,8600.20,Aug 05- 2016
1073,8599.95,Aug 04- 2016
1074,8635.20,Aug 03- 2016
1075,8647.45,Aug 02- 2016
1076,8654.30,Aug 01- 2016
1077,8668.30,Jul 29- 2016
1078,8636.95,Jul 28- 2016
1079,8599.40,Jul 27- 2016
1080,8633.75,Jul 26- 2016
1081,8519.95,Jul 25- 2016
1082,8519.65,Jul 22- 2016
1083,8582.70,Jul 21- 2016
1084,8515.45,Jul 20- 2016
1085,8514.30,Jul 19- 2016
1086,8564.05,Jul 18- 2016
1087,8565.45,Jul 15- 2016
1088,8515.75,Jul 14- 2016
1089,8540.45,Jul 13- 2016
1090,8502.60,Jul 12- 2016
1091,8413.35,Jul 11- 2016
1092,8350.00,Jul 08- 2016
1093,8342.00,Jul 07- 2016
1094,8379.30,Jul 05- 2016
1095,8376.75,Jul 04- 2016
1096,8313.05,Jul 01- 2016
1097,8260.25,Jun 30- 2016
1098,8173.10,Jun 29- 2016
1099,8096.05,Jun 28- 2016
1100,8039.35,Jun 27- 2016
1101,8029.10,Jun 24- 2016
1102,8201.15,Jun 23- 2016
1103,8213.65,Jun 22- 2016
1104,8255.40,Jun 21- 2016
1105,8115.75,Jun 20- 2016
1106,8176.65,Jun 17- 2016
1107,8180.65,Jun 16- 2016
1108,8139.40,Jun 15- 2016
1109,8134.40,Jun 14- 2016
1110,8102.25,Jun 13- 2016
1111,8180.25,Jun 10- 2016
1112,8273.35,Jun 09- 2016
1113,8285.50,Jun 08- 2016
1114,8235.55,Jun 07- 2016
1115,8228.75,Jun 06- 2016
1116,8246.20,Jun 03- 2016
1117,8156.90,Jun 02- 2016
1118,8179.20,Jun 01- 2016
1119,8209.85,May 31- 2016
1120,8166.50,May 30- 2016
1121,8081.95,May 27- 2016
1122,7974.45,May 26- 2016
1123,7811.80,May 25- 2016
1124,7738.05,May 24- 2016
1125,7813.95,May 23- 2016
1126,7792.20,May 20- 2016
1127,7875.50,May 19- 2016
1128,7846.75,May 18- 2016
1129,7896.85,May 17- 2016
1130,7831.20,May 16- 2016
1131,7881.00,May 13- 2016
1132,7871.45,May 12- 2016
1133,7804.65,May 11- 2016
1134,7873.55,May 10- 2016
1135,7755.25,May 09- 2016
1136,7717.65,May 06- 2016
1137,7731.00,May 05- 2016
1138,7724.15,May 04- 2016
1139,7824.80,May 03- 2016
1140,7822.70,May 02- 2016
1141,7844.25,Apr 29- 2016
1142,7967.40,Apr 28- 2016
1143,7942.00,Apr 27- 2016
1144,7828.15,Apr 26- 2016
1145,7894.80,Apr 25- 2016
1146,7891.80,Apr 22- 2016
1147,7953.65,Apr 21- 2016
1148,7950.05,Apr 20- 2016
1149,7908.15,Apr 18- 2016
1150,7777.15,Apr 13- 2016
1151,7669.25,Apr 12- 2016
1152,7577.80,Apr 11- 2016
1153,7542.35,Apr 08- 2016
1154,7630.40,Apr 07- 2016
1155,7636.05,Apr 06- 2016
1156,7736.30,Apr 05- 2016
1157,7733.15,Apr 04- 2016
1158,7718.05,Apr 01- 2016
1159,7727.65,Mar 31- 2016
1160,7651.10,Mar 30- 2016
1161,7606.55,Mar 29- 2016
1162,7741.00,Mar 28- 2016
1163,7717.45,Mar 23- 2016
1164,7695.55,Mar 22- 2016
1165,7619.20,Mar 21- 2016
1166,7534.65,Mar 18- 2016
1167,7557.40,Mar 17- 2016
1168,7457.05,Mar 16- 2016
1169,7535.85,Mar 15- 2016
1170,7542.60,Mar 14- 2016
1171,7484.85,Mar 11- 2016
1172,7545.35,Mar 10- 2016
1173,7436.10,Mar 09- 2016
1174,7486.40,Mar 08- 2016
1175,7505.40,Mar 04- 2016
1176,7429.55,Mar 03- 2016
1177,7321.70,Mar 02- 2016
1178,7038.25,Mar 01- 2016
1179,7050.45,Feb 29- 2016
1180,7039.30,Feb 26- 2016
1181,7029.85,Feb 25- 2016
1182,7075.00,Feb 24- 2016
1183,7240.30,Feb 23- 2016
1184,7208.85,Feb 22- 2016
1185,7170.55,Feb 19- 2016
1186,7177.40,Feb 18- 2016
1187,7058.85,Feb 17- 2016
1188,7201.25,Feb 16- 2016
1189,7057.35,Feb 15- 2016
1190,7023.65,Feb 12- 2016
1191,7203.60,Feb 11- 2016
1192,7264.30,Feb 10- 2016
1193,7303.95,Feb 09- 2016
1194,7489.70,Feb 08- 2016
1195,7418.25,Feb 05- 2016
1196,7411.45,Feb 04- 2016
1197,7392.45,Feb 03- 2016
1198,7566.65,Feb 02- 2016
1199,7589.50,Feb 01- 2016
1200,7413.35,Jan 29- 2016
1201,7426.50,Jan 28- 2016
1202,7469.60,Jan 27- 2016
1203,7468.75,Jan 25- 2016
1204,7355.70,Jan 22- 2016
1205,7376.65,Jan 21- 2016
1206,7357.00,Jan 20- 2016
1207,7381.80,Jan 19- 2016
1208,7420.35,Jan 18- 2016
1209,7561.65,Jan 15- 2016
1210,7467.40,Jan 14- 2016
1211,7557.90,Jan 13- 2016
1212,7587.20,Jan 12- 2016
1213,7527.45,Jan 11- 2016
1214,7611.65,Jan 08- 2016
1215,7673.35,Jan 07- 2016
1216,7788.05,Jan 06- 2016
1217,7828.40,Jan 05- 2016
1218,7924.55,Jan 04- 2016
1219,7938.45,Jan 01- 2016
1220,7897.80,Dec 31- 2015
1221,7938.60,Dec 30- 2015
1222,7929.20,Dec 29- 2015
1223,7863.20,Dec 28- 2015
1224,7888.75,Dec 24- 2015
1225,7830.45,Dec 23- 2015
1226,7829.40,Dec 22- 2015
1227,7745.65,Dec 21- 2015
1228,7828.90,Dec 18- 2015
1229,7783.05,Dec 17- 2015
1230,7725.25,Dec 16- 2015
1231,7659.15,Dec 15- 2015
1232,7558.20,Dec 14- 2015
1233,7699.60,Dec 11- 2015
1234,7643.30,Dec 10- 2015
1235,7695.50,Dec 09- 2015
1236,7738.50,Dec 08- 2015
1237,7816.55,Dec 07- 2015
1238,7817.60,Dec 04- 2015
1239,7902.30,Dec 03- 2015
1240,7976.70,Dec 02- 2015
1241,7958.15,Dec 01- 2015
1242,7936.25,Nov 30- 2015
1243,7910.60,Nov 27- 2015
1244,7837.15,Nov 26- 2015
1245,7837.00,Nov 24- 2015
1246,7869.50,Nov 23- 2015
1247,7841.90,Nov 20- 2015
1248,7788.50,Nov 19- 2015
1249,7823.15,Nov 18- 2015
1250,7848.75,Nov 17- 2015
1251,7732.95,Nov 16- 2015
1252,7762.45,Nov 13- 2015
1253,7838.80,Nov 11- 2015
1254,7877.60,Nov 10- 2015
1255,7788.25,Nov 09- 2015
1256,7956.55,Nov 06- 2015
1257,8030.35,Nov 05- 2015
1258,8104.90,Nov 04- 2015
1259,8086.35,Nov 03- 2015
1260,8054.55,Nov 02- 2015
1261,8123.55,Oct 30- 2015
1262,8175.45,Oct 29- 2015
1263,8188.90,Oct 28- 2015
1264,8230.35,Oct 27- 2015
1265,8333.65,Oct 26- 2015
1266,8308.25,Oct 23- 2015
1267,8258.35,Oct 21- 2015
1268,8280.30,Oct 20- 2015
1269,8262.55,Oct 19- 2015
1270,8193.65,Oct 16- 2015
1271,8134.35,Oct 15- 2015
1272,8102.40,Oct 14- 2015
1273,8121.95,Oct 13- 2015
1274,8231.50,Oct 12- 2015
1275,8186.35,Oct 09- 2015
1276,8196.75,Oct 08- 2015
1277,8146.20,Oct 07- 2015
1278,8180.45,Oct 06- 2015
1279,8005.10,Oct 05- 2015
1280,7992.05,Oct 01- 2015
1281,7924.25,Sep 30- 2015
1282,7725.70,Sep 29- 2015
1283,7892.80,Sep 28- 2015
1284,7838.40,Sep 24- 2015
1285,7737.35,Sep 23- 2015
1286,8014.80,Sep 22- 2015
1287,7911.50,Sep 21- 2015
1288,7967.45,Sep 18- 2015
1289,7886.85,Sep 16- 2015
1290,7867.35,Sep 15- 2015
1291,7811.10,Sep 14- 2015
1292,7833.80,Sep 11- 2015
1293,7729.05,Sep 10- 2015
1294,7805.85,Sep 09- 2015
1295,7587.70,Sep 08- 2015
1296,7685.85,Sep 07- 2015
1297,7803.40,Sep 04- 2015
1298,7774.45,Sep 03- 2015
1299,7856.65,Sep 02- 2015
1300,7907.95,Sep 01- 2015
1301,8009.25,Aug 31- 2015
1302,8053.70,Aug 28- 2015
1303,7921.60,Aug 27- 2015
1304,7865.25,Aug 26- 2015
1305,7895.40,Aug 25- 2015
1306,8055.95,Aug 24- 2015
1307,8305.40,Aug 21- 2015
1308,8471.05,Aug 20- 2015
1309,8468.05,Aug 19- 2015
1310,8505.85,Aug 18- 2015
1311,8530.50,Aug 17- 2015
1312,8402.35,Aug 14- 2015
1313,8384.45,Aug 13- 2015
1314,8445.70,Aug 12- 2015
1315,8548.45,Aug 11- 2015
1316,8577.00,Aug 10- 2015
1317,8580.80,Aug 07- 2015
1318,8585.80,Aug 06- 2015
1319,8547.45,Aug 05- 2015
1320,8564.10,Aug 04- 2015
1321,8510.65,Aug 03- 2015
1322,8456.10,Jul 31- 2015
1323,8417.00,Jul 30- 2015
1324,8365.60,Jul 29- 2015
1325,8371.10,Jul 28- 2015
1326,8492.10,Jul 27- 2015
1327,8588.15,Jul 24- 2015
1328,8643.95,Jul 23- 2015
1329,8512.25,Jul 22- 2015
1330,8601.50,Jul 21- 2015
1331,8623.90,Jul 20- 2015
1332,8623.65,Jul 17- 2015
1333,8546.15,Jul 16- 2015
1334,8463.40,Jul 15- 2015
1335,8470.60,Jul 14- 2015
1336,8397.25,Jul 13- 2015
1337,8365.70,Jul 10- 2015
1338,8364.85,Jul 09- 2015
1339,8439.20,Jul 08- 2015
1340,8525.50,Jul 07- 2015
1341,8386.15,Jul 06- 2015
1342,8440.10,Jul 03- 2015
1343,8471.95,Jul 02- 2015
1344,8376.25,Jul 01- 2015
1345,8316.35,Jun 30- 2015
1346,8247.05,Jun 29- 2015
1347,8393.95,Jun 26- 2015
1348,8336.25,Jun 25- 2015
1349,8399.40,Jun 24- 2015
1350,8377.45,Jun 23- 2015
1351,8259.30,Jun 22- 2015
1352,8201.15,Jun 19- 2015
1353,8113.70,Jun 18- 2015
1354,8084.20,Jun 17- 2015
1355,8004.20,Jun 16- 2015
1356,7986.60,Jun 15- 2015
1357,7959.85,Jun 12- 2015
1358,8157.30,Jun 11- 2015
1359,8024.15,Jun 10- 2015
1360,8026.50,Jun 09- 2015
1361,8124.35,Jun 08- 2015
1362,8119.15,Jun 05- 2015
1363,8155.15,Jun 04- 2015
1364,8232.45,Jun 03- 2015
1365,8442.80,Jun 02- 2015
1366,8417.25,Jun 01- 2015
1367,8327.10,May 29- 2015
1368,8345.70,May 28- 2015
1369,8302.75,May 27- 2015
1370,8377.10,May 26- 2015
1371,8438.15,May 25- 2015
1372,8432.50,May 22- 2015
1373,8434.50,May 21- 2015
1374,8392.65,May 20- 2015
1375,8356.20,May 19- 2015
1376,8284.95,May 18- 2015
1377,8240.30,May 15- 2015
1378,8232.45,May 14- 2015
1379,8181.55,May 13- 2015
1380,8326.15,May 12- 2015
1381,8243.20,May 11- 2015
1382,8131.50,May 08- 2015
1383,8077.00,May 07- 2015
1384,8316.60,May 06- 2015
1385,8338.40,May 05- 2015
1386,8230.05,May 04- 2015
1387,8224.50,Apr 30- 2015
1388,8274.80,Apr 29- 2015
1389,8215.55,Apr 28- 2015
1390,8330.55,Apr 27- 2015
1391,8405.70,Apr 24- 2015
1392,8478.20,Apr 23- 2015
1393,8400.40,Apr 22- 2015
1394,8416.10,Apr 21- 2015
1395,8618.80,Apr 20- 2015
1396,8698.05,Apr 17- 2015
1397,8757.05,Apr 16- 2015
1398,8844.75,Apr 15- 2015
1399,8801.75,Apr 13- 2015
1400,8774.35,Apr 10- 2015
1401,8756.20,Apr 09- 2015
1402,8698.95,Apr 08- 2015
1403,8684.45,Apr 07- 2015
1404,8615.80,Apr 06- 2015
1405,8483.70,Apr 01- 2015
1406,8527.60,Mar 31- 2015
1407,8390.95,Mar 30- 2015
1408,8396.00,Mar 27- 2015
1409,8474.95,Mar 26- 2015
1410,8568.90,Mar 25- 2015
1411,8537.05,Mar 24- 2015
1412,8591.55,Mar 23- 2015
1413,8627.90,Mar 20- 2015
1414,8749.45,Mar 19- 2015
1415,8742.90,Mar 18- 2015
1416,8689.10,Mar 17- 2015
1417,8656.75,Mar 16- 2015
1418,8844.05,Mar 13- 2015
1419,8740.65,Mar 12- 2015
1420,8728.75,Mar 11- 2015
1421,8769.75,Mar 10- 2015
1422,8891.15,Mar 09- 2015
1423,8929.40,Mar 05- 2015
1424,9109.15,Mar 04- 2015
1425,8962.85,Mar 03- 2015
1426,8953.85,Mar 02- 2015
1427,8913.05,Feb 28- 2015
1428,8729.50,Feb 27- 2015
1429,8779.00,Feb 26- 2015
1430,8801.90,Feb 25- 2015
1431,8772.90,Feb 24- 2015
1432,8856.85,Feb 23- 2015
1433,8895.50,Feb 20- 2015
1434,8883.05,Feb 19- 2015
1435,8811.55,Feb 18- 2015
1436,8831.40,Feb 16- 2015
1437,8741.50,Feb 13- 2015
1438,8676.95,Feb 12- 2015
1439,8603.30,Feb 11- 2015
1440,8478.10,Feb 10- 2015
1441,8584.40,Feb 09- 2015
1442,8696.85,Feb 06- 2015
1443,8733.10,Feb 05- 2015
1444,8789.15,Feb 04- 2015
1445,8823.15,Feb 03- 2015
1446,8802.50,Feb 02- 2015
1447,8996.60,Jan 30- 2015
1448,8901.50,Jan 29- 2015
1449,8902.75,Jan 28- 2015
1450,8871.35,Jan 27- 2015
1451,8827.95,Jan 23- 2015
1452,8745.85,Jan 22- 2015
1453,8719.65,Jan 21- 2015
1454,8575.10,Jan 20- 2015
1455,8550.05,Jan 19- 2015
1456,8504.05,Jan 16- 2015
1457,8424.50,Jan 15- 2015
1458,8307.25,Jan 14- 2015
1459,8346.15,Jan 13- 2015
1460,8291.35,Jan 12- 2015
1461,8285.45,Jan 09- 2015
1462,8191.40,Jan 08- 2015
1463,8118.65,Jan 07- 2015
1464,8325.30,Jan 06- 2015
1465,8407.95,Jan 05- 2015
1466,8288.70,Jan 02- 2015
1467,8272.80,Jan 01- 2015
1468,8243.90,Dec 31- 2014
1469,8260.30,Dec 30- 2014
1470,8214.70,Dec 29- 2014
1471,8204.80,Dec 26- 2014
1472,8272.05,Dec 24- 2014
1473,8324.60,Dec 23- 2014
1474,8255.00,Dec 22- 2014
1475,8230.45,Dec 19- 2014
1476,8138.90,Dec 18- 2014
1477,8041.20,Dec 17- 2014
1478,8172.60,Dec 16- 2014
1479,8160.75,Dec 15- 2014
1480,8302.00,Dec 12- 2014
1481,8338.85,Dec 11- 2014
1482,8318.05,Dec 10- 2014
1483,8439.30,Dec 09- 2014
1484,8538.65,Dec 08- 2014
1485,8584.25,Dec 05- 2014
1486,8582.40,Dec 04- 2014
1487,8528.70,Dec 03- 2014
1488,8535.45,Dec 02- 2014
1489,8605.10,Dec 01- 2014
1490,8516.80,Nov 28- 2014
1491,8477.80,Nov 27- 2014
1492,8450.30,Nov 26- 2014
1493,8530.80,Nov 25- 2014
1494,8490.95,Nov 24- 2014
1495,8408.20,Nov 21- 2014
1496,8406.50,Nov 20- 2014
1497,8440.65,Nov 19- 2014
1498,8441.25,Nov 18- 2014
1499,8378.40,Nov 17- 2014
1500,8360.70,Nov 14- 2014
1501,8405.25,Nov 13- 2014
1502,8378.90,Nov 12- 2014
1503,8354.10,Nov 11- 2014
1504,8337.80,Nov 10- 2014
1505,8331.85,Nov 07- 2014
1506,8351.25,Nov 05- 2014
1507,8348.15,Nov 03- 2014
1508,8200.80,Oct 31- 2014
1509,8085.20,Oct 30- 2014
1510,8077.05,Oct 29- 2014
1511,8002.40,Oct 28- 2014
1512,8064.35,Oct 27- 2014
1513,8027.70,Oct 23- 2014
1514,7997.80,Oct 22- 2014
1515,7906.15,Oct 21- 2014
1516,7896.95,Oct 20- 2014
1517,7733.75,Oct 17- 2014
1518,7837.30,Oct 16- 2014
1519,7923.25,Oct 14- 2014
1520,7831.00,Oct 13- 2014
1521,7911.00,Oct 10- 2014
1522,7886.50,Oct 09- 2014
1523,7828.75,Oct 08- 2014
1524,7897.40,Oct 07- 2014
1525,7960.50,Oct 01- 2014
1526,7948.80,Sep 30- 2014
1527,7978.45,Sep 29- 2014
1528,7885.85,Sep 26- 2014
1529,8003.30,Sep 25- 2014
1530,8015.55,Sep 24- 2014
1531,8144.40,Sep 23- 2014
1532,8084.45,Sep 22- 2014
1533,8129.40,Sep 19- 2014
1534,7950.65,Sep 18- 2014
1535,7971.50,Sep 17- 2014
1536,8036.60,Sep 16- 2014
1537,8070.35,Sep 15- 2014
1538,8087.05,Sep 12- 2014
1539,8115.15,Sep 11- 2014
1540,8135.55,Sep 10- 2014
1541,8161.90,Sep 09- 2014
1542,8132.95,Sep 08- 2014
1543,8099.90,Sep 05- 2014
1544,8114.20,Sep 04- 2014
1545,8110.85,Sep 03- 2014
1546,8038.60,Sep 02- 2014
1547,7990.35,Sep 01- 2014
1548,7942.25,Aug 28- 2014
1549,7933.90,Aug 27- 2014
1550,7874.50,Aug 26- 2014
1551,7931.75,Aug 25- 2014
1552,7904.55,Aug 22- 2014
1553,7875.35,Aug 21- 2014
1554,7915.80,Aug 20- 2014
1555,7901.00,Aug 19- 2014
1556,7785.25,Aug 18- 2014
1557,7756.15,Aug 14- 2014
1558,7717.30,Aug 13- 2014
1559,7688.80,Aug 12- 2014
1560,7619.85,Aug 11- 2014
1561,7588.70,Aug 08- 2014
1562,7651.15,Aug 07- 2014
1563,7726.15,Aug 06- 2014
1564,7706.65,Aug 05- 2014
1565,7639.55,Aug 04- 2014
1566,7662.50,Aug 01- 2014
1567,7784.65,Jul 31- 2014
1568,7746.20,Jul 30- 2014
1569,7792.90,Jul 28- 2014
1570,7828.20,Jul 25- 2014
1571,7796.25,Jul 24- 2014
1572,7794.90,Jul 23- 2014
1573,7708.20,Jul 22- 2014
1574,7701.65,Jul 21- 2014
1575,7630.25,Jul 18- 2014
1576,7612.70,Jul 17- 2014
1577,7564.15,Jul 16- 2014
1578,7491.30,Jul 15- 2014
1579,7469.00,Jul 14- 2014
1580,7584.10,Jul 11- 2014
1581,7589.50,Jul 10- 2014
1582,7637.95,Jul 09- 2014
1583,7804.05,Jul 08- 2014
1584,7780.40,Jul 07- 2014
1585,7718.10,Jul 04- 2014
1586,7734.35,Jul 03- 2014
1587,7683.05,Jul 02- 2014
1588,7629.00,Jul 01- 2014
1589,7534.05,Jun 30- 2014
1590,7514.20,Jun 27- 2014
1591,7554.10,Jun 26- 2014
1592,7588.55,Jun 25- 2014
1593,7515.20,Jun 24- 2014
1594,7514.00,Jun 23- 2014
1595,7543.30,Jun 20- 2014
1596,7580.05,Jun 19- 2014
1597,7636.05,Jun 18- 2014
1598,7525.05,Jun 17- 2014
1599,7534.80,Jun 16- 2014
1600,7668.20,Jun 13- 2014
1601,7641.30,Jun 12- 2014
1602,7672.40,Jun 11- 2014
1603,7679.05,Jun 10- 2014
1604,7621.65,Jun 09- 2014
1605,7521.50,Jun 06- 2014
1606,7399.75,Jun 05- 2014
1607,7417.55,Jun 04- 2014
1608,7375.35,Jun 03- 2014
1609,7264.05,Jun 02- 2014
1610,7254.85,May 30- 2014
1611,7316.60,May 29- 2014
1612,7324.95,May 28- 2014
1613,7363.10,May 27- 2014
1614,7428.75,May 26- 2014
1615,7306.50,May 23- 2014
1616,7289.95,May 22- 2014
1617,7274.85,May 21- 2014
1618,7309.95,May 20- 2014
1619,7276.85,May 19- 2014
1620,7270.20,May 16- 2014
1621,7111.30,May 15- 2014
1622,7112.00,May 14- 2014
1623,7080.00,May 13- 2014
1624,6863.40,May 12- 2014
1625,6654.15,May 09- 2014
1626,6669.90,May 08- 2014
1627,6708.60,May 07- 2014
1628,6719.25,May 06- 2014
1629,6681.65,May 05- 2014
1630,6709.95,May 02- 2014
1631,6724.95,Apr 30- 2014
1632,6769.00,Apr 29- 2014
1633,6778.55,Apr 28- 2014
1634,6855.80,Apr 25- 2014
1635,6823.25,Apr 23- 2014
1636,6822.90,Apr 22- 2014
1637,6789.25,Apr 21- 2014
1638,6695.45,Apr 17- 2014
1639,6727.25,Apr 16- 2014
1640,6792.70,Apr 15- 2014
1641,6758.35,Apr 11- 2014
1642,6803.05,Apr 10- 2014
1643,6722.00,Apr 09- 2014
1644,6694.25,Apr 07- 2014
1645,6741.85,Apr 04- 2014
1646,6772.05,Apr 03- 2014
1647,6757.60,Apr 02- 2014
1648,6729.50,Apr 01- 2014
1649,6723.15,Mar 31- 2014
1650,6673.05,Mar 28- 2014
1651,6613.10,Mar 27- 2014
1652,6615.65,Mar 26- 2014
1653,6550.10,Mar 25- 2014
1654,6510.50,Mar 24- 2014
1655,6497.80,Mar 22- 2014
1656,6515.20,Mar 21- 2014
1657,6508.35,Mar 20- 2014
1658,6530.00,Mar 19- 2014
1659,6532.45,Mar 18- 2014
1660,6447.25,Mar 14- 2014
1661,6491.75,Mar 13- 2014
1662,6497.50,Mar 12- 2014
1663,6537.35,Mar 11- 2014
1664,6491.70,Mar 10- 2014
1665,6413.95,Mar 07- 2014
1666,6344.75,Mar 06- 2014
1667,6328.45,Mar 05- 2014
1668,6216.75,Mar 04- 2014
1669,6264.35,Mar 03- 2014
1670,6228.45,Feb 28- 2014
1671,6202.45,Feb 26- 2014
1672,6205.70,Feb 25- 2014
1673,6140.95,Feb 24- 2014
1674,6108.30,Feb 21- 2014
1675,6127.15,Feb 20- 2014
1676,6132.05,Feb 19- 2014
1677,6071.30,Feb 18- 2014
1678,6057.10,Feb 17- 2014
1679,6023.75,Feb 14- 2014
1680,6087.55,Feb 13- 2014
1681,6085.35,Feb 12- 2014
1682,6072.45,Feb 11- 2014
1683,6072.80,Feb 10- 2014
1684,6077.65,Feb 07- 2014
1685,6028.35,Feb 06- 2014
1686,6004.25,Feb 05- 2014
1687,5947.60,Feb 04- 2014
1688,6058.80,Feb 03- 2014
1689,6082.75,Jan 31- 2014
1690,6067.00,Jan 30- 2014
1691,6161.00,Jan 29- 2014
1692,6131.85,Jan 28- 2014
1693,6186.30,Jan 27- 2014
1694,6301.65,Jan 24- 2014
1695,6325.95,Jan 23- 2014
1696,6309.05,Jan 22- 2014
1697,6320.15,Jan 21- 2014
1698,6261.75,Jan 20- 2014
1699,6306.25,Jan 17- 2014
1700,6341.35,Jan 16- 2014
1701,6265.95,Jan 15- 2014
1702,6260.25,Jan 14- 2014
1703,6189.55,Jan 13- 2014
1704,6178.85,Jan 10- 2014
1705,6181.70,Jan 09- 2014
1706,6178.05,Jan 08- 2014
1707,6203.90,Jan 07- 2014
1708,6220.85,Jan 06- 2014
1709,6194.55,Jan 03- 2014
1710,6301.25,Jan 02- 2014
1711,6323.80,Jan 01- 2014
1712,6307.35,Dec 31- 2013
1713,6336.40,Dec 30- 2013
1714,6292.80,Dec 27- 2013
1715,6270.10,Dec 26- 2013
1716,6296.45,Dec 24- 2013
1717,6267.20,Dec 23- 2013
1718,6179.95,Dec 20- 2013
1719,6253.90,Dec 19- 2013
1720,6129.95,Dec 18- 2013
1721,6178.20,Dec 17- 2013
1722,6168.35,Dec 16- 2013
1723,6201.30,Dec 13- 2013
1724,6276.75,Dec 12- 2013
1725,6307.20,Dec 11- 2013
1726,6354.70,Dec 10- 2013
1727,6415.00,Dec 09- 2013
1728,6234.40,Dec 06- 2013
1729,6262.45,Dec 05- 2013
1730,6187.95,Dec 04- 2013
1731,6204.25,Dec 03- 2013
1732,6171.15,Dec 02- 2013
1733,6103.90,Nov 29- 2013
1734,6092.00,Nov 28- 2013
1735,6062.70,Nov 27- 2013
1736,6099.25,Nov 26- 2013
1737,6035.95,Nov 25- 2013
1738,6027.35,Nov 22- 2013
1739,6096.50,Nov 21- 2013
1740,6186.85,Nov 20- 2013
1741,6197.25,Nov 19- 2013
1742,6111.05,Nov 18- 2013
1743,6037.00,Nov 14- 2013
1744,5998.85,Nov 13- 2013
1745,6087.25,Nov 12- 2013
1746,6110.40,Nov 11- 2013
1747,6170.15,Nov 08- 2013
1748,6228.90,Nov 07- 2013
1749,6260.55,Nov 06- 2013
1750,6282.15,Nov 05- 2013
1751,6332.05,Nov 03- 2013
1752,6289.75,Nov 01- 2013
1753,6237.15,Oct 31- 2013
1754,6230.80,Oct 30- 2013
1755,6107.55,Oct 29- 2013
1756,6155.10,Oct 28- 2013
1757,6154.00,Oct 25- 2013
1758,6162.80,Oct 24- 2013
1759,6209.55,Oct 23- 2013
1760,6192.30,Oct 22- 2013
1761,6202.00,Oct 21- 2013
1762,6070.90,Oct 18- 2013
1763,6098.50,Oct 17- 2013
1764,6147.55,Oct 15- 2013
1765,6093.00,Oct 14- 2013
1766,6104.85,Oct 11- 2013
1767,6001.05,Oct 10- 2013
1768,5893.25,Oct 09- 2013
1769,5975.00,Oct 08- 2013
1770,5889.05,Oct 07- 2013
1771,5891.30,Oct 04- 2013
1772,5819.10,Oct 03- 2013
1773,5756.10,Oct 01- 2013
1774,5801.05,Sep 30- 2013
1775,5905.55,Sep 27- 2013
1776,5872.80,Sep 26- 2013
1777,5901.55,Sep 25- 2013
1778,5855.00,Sep 24- 2013
1779,5945.80,Sep 23- 2013
1780,6104.55,Sep 20- 2013
1781,6044.15,Sep 19- 2013
1782,5872.75,Sep 18- 2013
1783,5824.20,Sep 17- 2013
1784,5930.30,Sep 16- 2013
1785,5828.00,Sep 13- 2013
1786,5931.15,Sep 12- 2013
1787,5887.25,Sep 11- 2013
1788,5738.50,Sep 10- 2013
1789,5617.45,Sep 06- 2013
1790,5553.75,Sep 05- 2013
1791,5358.65,Sep 04- 2013
1792,5574.70,Sep 03- 2013
1793,5480.25,Sep 02- 2013
1794,5407.45,Aug 30- 2013
1795,5316.50,Aug 29- 2013
1796,5233.45,Aug 28- 2013
1797,5426.50,Aug 27- 2013
1798,5499.40,Aug 26- 2013
1799,5428.75,Aug 23- 2013
1800,5282.80,Aug 22- 2013
1801,5494.45,Aug 21- 2013
1802,5353.45,Aug 20- 2013
1803,5497.55,Aug 19- 2013
1804,5705.45,Aug 16- 2013
1805,5715.40,Aug 14- 2013
1806,5600.25,Aug 13- 2013
1807,5606.70,Aug 12- 2013
1808,5510.05,Aug 08- 2013
1809,5549.30,Aug 07- 2013
1810,5664.90,Aug 06- 2013
1811,5682.40,Aug 05- 2013
1812,5750.05,Aug 02- 2013
1813,5776.90,Aug 01- 2013
1814,5738.35,Jul 31- 2013
1815,5836.05,Jul 30- 2013
1816,5869.95,Jul 29- 2013
1817,5937.95,Jul 26- 2013
1818,5970.40,Jul 25- 2013
1819,6032.20,Jul 24- 2013
1820,6064.30,Jul 23- 2013
1821,6009.75,Jul 22- 2013
1822,6057.20,Jul 19- 2013
1823,5984.70,Jul 18- 2013
1824,5972.25,Jul 17- 2013
1825,5930.80,Jul 16- 2013
1826,5991.20,Jul 15- 2013
1827,6000.50,Jul 12- 2013
1828,5894.50,Jul 11- 2013
1829,5869.90,Jul 10- 2013
1830,5834.60,Jul 09- 2013
1831,5833.15,Jul 08- 2013
1832,5889.95,Jul 05- 2013
1833,5794.75,Jul 04- 2013
1834,5811.95,Jul 03- 2013
1835,5885.50,Jul 02- 2013
1836,5834.10,Jul 01- 2013
1837,5749.50,Jun 28- 2013
1838,5647.95,Jun 27- 2013
1839,5627.95,Jun 26- 2013
1840,5606.95,Jun 25- 2013
1841,5638.05,Jun 24- 2013
1842,5639.90,Jun 21- 2013
1843,5754.15,Jun 20- 2013
1844,5805.75,Jun 19- 2013
1845,5841.90,Jun 18- 2013
1846,5820.40,Jun 17- 2013
1847,5748.95,Jun 14- 2013
1848,5709.35,Jun 13- 2013
1849,5771.75,Jun 12- 2013
1850,5848.75,Jun 11- 2013
1851,5907.90,Jun 10- 2013
1852,5900.05,Jun 07- 2013
1853,5895.00,Jun 06- 2013
1854,5908.30,Jun 05- 2013
1855,5941.10,Jun 04- 2013
1856,5997.35,Jun 03- 2013
1857,6098.70,May 31- 2013
1858,6072.15,May 30- 2013
1859,6120.45,May 29- 2013
1860,6086.35,May 28- 2013
1861,5989.40,May 27- 2013
1862,6010.70,May 24- 2013
1863,6050.40,May 23- 2013
1864,6127.05,May 22- 2013
1865,6152.35,May 21- 2013
1866,6198.00,May 20- 2013
1867,6172.95,May 17- 2013
1868,6128.25,May 16- 2013
1869,6018.85,May 15- 2013
1870,5989.70,May 14- 2013
1871,6098.20,May 13- 2013
1872,6088.20,May 11- 2013
1873,6046.25,May 10- 2013
1874,6078.35,May 09- 2013
1875,6064.15,May 08- 2013
1876,5983.45,May 07- 2013
1877,5944.90,May 06- 2013
1878,5993.50,May 03- 2013
1879,5911.40,May 02- 2013
1880,5932.60,Apr 30- 2013
1881,5877.60,Apr 29- 2013
1882,5899.75,Apr 26- 2013
1883,5856.10,Apr 25- 2013
1884,5843.10,Apr 23- 2013
1885,5789.85,Apr 22- 2013
1886,5682.70,Apr 18- 2013
1887,5708.65,Apr 17- 2013
1888,5562.45,Apr 16- 2013
1889,5508.50,Apr 15- 2013
1890,5520.70,Apr 12- 2013
1891,5601.65,Apr 11- 2013
1892,5536.25,Apr 10- 2013
1893,5568.75,Apr 09- 2013
1894,5550.50,Apr 08- 2013
1895,5568.10,Apr 05- 2013
1896,5640.65,Apr 04- 2013
1897,5740.20,Apr 03- 2013
1898,5701.70,Apr 02- 2013
1899,5697.35,Apr 01- 2013
1900,5647.75,Mar 28- 2013
1901,5613.75,Mar 26- 2013
1902,5707.30,Mar 25- 2013
1903,5659.80,Mar 22- 2013
1904,5705.90,Mar 21- 2013
1905,5740.55,Mar 20- 2013
1906,5859.50,Mar 19- 2013
1907,5816.75,Mar 18- 2013
1908,5914.90,Mar 15- 2013
1909,5845.95,Mar 14- 2013
1910,5884.80,Mar 13- 2013
1911,5944.60,Mar 12- 2013
1912,5946.10,Mar 11- 2013
1913,5883.65,Mar 08- 2013
1914,5801.30,Mar 07- 2013
1915,5816.40,Mar 06- 2013
1916,5722.45,Mar 05- 2013
1917,5704.70,Mar 04- 2013
1918,5702.45,Mar 01- 2013
1919,5834.35,Feb 28- 2013
1920,5784.90,Feb 27- 2013
1921,5838.30,Feb 26- 2013
1922,5870.55,Feb 25- 2013
1923,5837.95,Feb 22- 2013
1924,5909.65,Feb 21- 2013
1925,5966.30,Feb 20- 2013
1926,5900.20,Feb 19- 2013
1927,5888.65,Feb 18- 2013
1928,5869.95,Feb 15- 2013
1929,5933.20,Feb 14- 2013
1930,5943.15,Feb 13- 2013
1931,5894.35,Feb 12- 2013
1932,5920.05,Feb 11- 2013
1933,5929.10,Feb 08- 2013
1934,5936.45,Feb 07- 2013
1935,5988.05,Feb 06- 2013
1936,5948.20,Feb 05- 2013
1937,6025.20,Feb 04- 2013
1938,6040.95,Feb 01- 2013
1939,6045.65,Jan 31- 2013
1940,6065.00,Jan 30- 2013
1941,6064.70,Jan 29- 2013
1942,6082.10,Jan 28- 2013
1943,6024.50,Jan 25- 2013
1944,6046.20,Jan 24- 2013
1945,6052.85,Jan 23- 2013
1946,6080.15,Jan 22- 2013
1947,6085.75,Jan 21- 2013
1948,6059.85,Jan 18- 2013
1949,6001.25,Jan 17- 2013
1950,6049.00,Jan 16- 2013
1951,6037.85,Jan 15- 2013
1952,5967.20,Jan 14- 2013
1953,6012.40,Jan 11- 2013
1954,5998.80,Jan 10- 2013
1955,6006.20,Jan 09- 2013
